Start Timing,Duration,Text,Emotion
224560,3515,Why not call it the Big Chill or the Nippy era?,n
228160,2912,"l'm just sayin', how do we know it's an lce age?",n
231160,2594,Because of all the ice.,a
236120,2389,"Well, things just got a little chillier.",n
238600,3436,Help. Help.,f
242120,3197,"Come on, kids, let's go. The traffic's movin'.",n
245640,1956,"But, but, but, Dad.",n
247720,2639,No buts. You can play extinction later.,n
250680,3276,"OK. Come on, guys.",n
254200,1991,"So, where's Eddie?",n
256280,3629,He said he was on the verge of an evolutionary breakthrough.,n
260000,1991,Really?,n
262480,2560,l'm flying.,s
266280,2070,Some breakthrough.,n
269440,2434,- Look out. - You're going the wrong way.,n
272840,1991,Crazy mammoth.,a
281360,4516,Do the world a favour. Move your issues off the road.,a
286240,4073,"lf my trunk was that small, l wouldn't draw attention to myself, pal.",n
290480,3470,Give me a break. We've been waddlin' all day.,f
295680,2639,Go ahead. Follow the crowd.,n
298400,2150,lt'll be quieter when you're gone.,n
301800,2719,"Come on. lf he wants to freeze to death, let him.",n
314160,1991,l'm up. l'm up.,j
318480,5120,"Rise and shine, everybody. Huh? Zak? Marshall?",j
323680,2639,Bertie? Uncle Fungus?,s
326920,5950,"Where is everybody? Come on, guys, we're gonna miss the migration.",n
335400,4152,They left without me. They do this every year.,a
341480,2878,Why? Doesn't anyone love me?,c
344720,4198,lsn't there anyone who cares about Sid the Sloth?,c
351480,2070,"All right, l'll just go by myself.",n
356040,1592,Sick.,d
357720,2639,"Wide body, kerb it next time.",n
360440,2389,"Oh, jeez. Yuck.",d
363080,5393,"l can't believe it. Fresh wild greens. Frank, where did you ever...?",n
368560,3037,"Go ahead. Dig in. Hah, a dandelion.",s
371680,3436,- l thought the frost wiped 'em all out. - All but one.,n
376480,3675,lt makes me so... l wanna... Yuck.,a
380240,4551,"This has definitely not been my day. You know what l'm sayin', buddy?",n
384880,3629,What a mess. You rhinos have tiny brains. Did you know that?,n
388600,4790,lt's just a fact. No offence. You probably didn't even know what l'm talkin' about.,n
394080,1353,Yummo.,n
395640,2833,A dandelion. Must be the last one of the season.,s
401440,2275,"Carl. Easy, Frank",n
403800,1991,He ruined our salad.,n
407120,2673,My mistake. That was my mistake. Let me...,f
410320,3675,"No, no, seriously, let me take care of this. What is this?",f
414080,3515,"Pine cones. Oh, my goodness. They're my favourite.",j
419400,4312,Delicious. That's good eating.,j
423960,3231,"But don't let me hog them all up. Here, you have some.",n
427280,2673,"Tasty, isn't it? Bon appétit.",n
431240,2070,Now?,s
433760,1991,Now.,a
444280,3879,- Just pretend that l'm not here. - l wanted to hit him at full speed.,n
448240,5074,- That's OK. We'll have some fun with him. - Don't let them impale me. l wanna live.,f
453400,3197,"- Get off me. - Come on, you're makin' a scene.",n
456680,2673,We'll just take our furry pinata and go.,n
459440,2878,"lf it's not them today, it's someone else tomorrow.",n
462400,2309,"Well, l'd rather it not be today. OK?",a
464800,3231,We'll break your neck so you don't feel a thing.,n
468120,2992,Wait a minute. l thought rhinos were vegetarians.,n
471240,1991,An excellent point! Shut up!,j
473320,3515,Who says we're gonna eat him after we kill him?,a
476920,2798,l don't like animals that kill for pleasure.,n
479800,3276,- Save it for a mammal that cares. - l'm a mammal that cares.,n
483320,4915,"OK, if either of you make it across that sinkhole in front of ya, you get the sloth.",n
488320,3709,"That's right, you losers. You take one step and you're dead.",a
496080,3436,"You're bluffing, huh?",n
500640,1672,Get him.,a
536880,1991,A dandelion?,s
541600,1991,We did it.,j
551720,3629,You have beautiful eyes / Get off my face,d
556520,3913,"Whoa, we make a great team. What do you say we head south together?",n
560520,2389,Great. Jump on my back and relax the whole way.,j
563000,1956,Really? / No,j
565200,4152,"Wait, aren't you going south? The change of seasons, migration instincts.",s
569440,2639,- Any of this a-ringin' a bell? - l guess not. Bye.,n
572160,2798,"OK, then. Thanks for the help. l can take it from here.",n
575880,3629,You overgrown weasel. Wait till we get down there.,n
580240,3629,"That south thing is way overrated. The heat, the crowds - who needs it?",n
583960,4391,"lsn't this great? You and me, two bachelors knockin' about in the wild.",n
588440,3675,"No, you just want a bodyguard so you don't become somebody's side dish.",n
592200,2230,You're a very shrewd mammal.,n
594520,2833,"OK, lead the way, Mr Big... Didn't get the name.",n
597440,1956,Manfred. Manfred,n
599480,4994,How about Manny the Moody Mammoth? Or Manny the Melancholy... Manny the...,n
606880,1991,Stop following me.,a
610480,5597,"OK, so you've got issues. You won't even know l'm here. l'll just zip the lip.",n
658320,3788,"Look at the cute little baby, Diego.",n
664400,5199,- lsn't it nice he'll be joining us for breakfast? - lt wouldn't be breakfast without him.,n
669680,5552,Especially since his daddy wiped out half our pack and wears our skin to keep warm.,n
675320,2992,"An eye for an eye, don't you think?",a
678400,3436,Let's show him what happens when he messes with sabres.,a
681920,3037,Alert the troops. We attack at dawn.,n
685960,4437,"And, Diego, bring me that baby alive.",n
690480,5074,"lf l'm gonna enjoy my revenge, l want it to be fresh.",n
716080,2070,Phew. l'm wiped out.,n
718520,3470,- That's your shelter? - You're a big guy. You got a lotta wood.,n
722080,2673,- l'm a little guy. - You got half a stick.,n
724840,6109,"But with my little stick and my highly evolved brain, l shall create fire.",n
731360,1718,Fascinating.,n
733400,3913,"We'll see if brains triumph over brawn tonight. Now, won't we?",n
743080,2116,Think l saw a spark.,n
748960,3470,"Any chance l could squeeze in there with you, Manny, ol' pal?",n
752520,2434,lsn't there someone else you can annoy?,n
755040,3390,Friends? Family? Poisonous reptiles?,n
758800,4516,My family abandoned me. They just kinda migrated without me.,n
763400,2514,You should see what they did last year.,n
766000,2639,They woke up early and tied my hands and feet,n
768720,2673,"and they gagged me with a fieldmouse,",n
771480,3470,"covered their tracks, went through water so l'd lose their scent,",n
775040,2719,"and... who needs 'em, anyway?",c
782120,2230,So what about you? You have family?,n
788400,3037,"OK, you're tired. l see. We'll talk more in the morning.",n
793880,3390,Manfred? Manfred? Could you scooch over a drop?,n
798280,2992,Come on. Nobody falls asleep that fast.,n
801360,1991,Manny.,n
967200,2070,There's Diego. Fall back.,n
975560,2753,- Where's the baby? - l lost it over the falls.,n
978520,2434,You lost it?,a
983720,2468,"- l want that baby, Diego. - l'll get it.",n
986280,3515,"You'd better, unless you want to serve as a replacement.",a
989960,3151,We'll go up to Half Peak. Meet us there.,n
994440,1991,lt had better be alive.,a
997680,2389,"Can we trust you with that, Diego?",n
1000160,2389,Let's go.,n
1024400,3834,"She picked a hair off my shoulder and says, ''lf you have an extra mating dance,",n
1028320,2468,at least pick a female with the same colour pelt.'',n
1030960,3276,l thought ''Whoa. She's gonna go praying mantis on me.'',n
1034320,3595,"lf you find a mate, you should be loyal. ln your case, grateful.",n
1038000,3151,Now get away from me. Well I think mate in a life is stupid.,d
1041240,2150,There's plenty of Sid to go around.,n
1044840,2036,Manny?,s
1047440,1991,Manny?,s
1100080,2434,Look at that. He's OK.,n
1114280,2560,She's gone.,n
1126240,3276,"Manny, are’t you forgetting something? No",n
1129640,3879,- But you just saved him. - l'm trying to get rid of the last thing l saved.,n
1133600,2389,But you can't leave him here.,n
1139840,3390,"Look, there's smoke. That's his herd right up the hill.",s
1143480,3788,- We should return him. - Let's get this straight. There is no ''we''.,a
1147360,5393,"There never was a ''we''. ln fact, without me, there wouldn't even be a ''you''.",a
1153640,6599,- Just up the hill. - Listen very carefully: l'm not going.,a
1160480,4710,"- Fine, be ajerk. l'll take care of him. - Yeah, that's good.",n
1165280,3276,"You can't even take care of yourself. This, l gotta see.",n
1168640,4118,"l'll return you. We don't need that meany-weeny mammoth, do we?",n
1172840,2036,"No, we don't.",n
1203080,3276,You're an embarrassment to nature. Do you know that?,n
1206920,3117,"This is cake. l'm fine, l'm fine.",c
1210120,1991,l'm gonna die.,c
1224960,1479,Manny.,n
1239640,3754,That pink thing is mine. That pink thing belongs to us.,n
1246320,3276,''Us''? You two are a bit of an odd couple.,s
1249680,1718,There is no ''us''.,a
1251480,3197,"l see. Can't have one of your own, so you want to adopt.",n
1254760,2992,"Look, l'm sorry to interrupt your snack, but we gotta go.",n
1257920,3356,The baby? Please. l was returning him to his herd.,n
1261360,1991,"Oh, yeah. Nice try, bucktooth.",n
1263440,1991,- Callin' me a liar? - l didn't say that.,a
1265520,1991,You were thinkin' it.,n
1267600,2560,l don't like this cat. He reads minds.,n
1270680,3470,"- Name's Diego, friend. - Manfred, and l'm not your friend.",n
1274400,6792,"Fine, Manfred. lf you're lookin' for the humans, you're wastin' your time. They left.",n
1281280,3037,Thanks for the advice. Now beat it.,n
1284400,3879,"l'll help you bring it to its herd, but leave me alone after that.",n
1288360,3436,"- OK. OK, deal. What's your problem? - You are my problem.",n
1291880,4152,"l think you're stressed, so you eat too much. lt's hard to get fat on a vegan diet.",n
1296120,3959,l'm not fat. lt's all this fur. lt makes me look poofy.,n
1300160,3754,"All right, you have fat hair. But when you're ready to talk, l'm here.",n
1306920,3231,What are you doin'? Just drop it on the ledge.,n
1310240,3037,Shouldn’t we make sure they found him?,n
1313360,2389,"No, no. Wait, wait, wait, wait.",f
1315840,2036,Don't spear me.,f
1321120,2673,This is a problem. Now what?,n
1324800,2468,That's perfect.,n
1356160,2434,I told you they were gone.,n
1358680,2594,Don't you have some poor animal to disembowel?,n
1361360,3675,"They couldn't be far. l mean, they went this way, or this way?",n
1365120,2275,"You don't know much about tracking, do you?",n
1367520,3675,"l'm a sloth. l see a tree, eat a leaf. That's my tracking.",n
1371280,2150,You didn't miss them by much.,n
1373520,3276,lt's still green. They headed north two hours ago.,n
1377160,3993,lt's still green. They headed north two hours ago.,n
1383400,2560,You don't need this aggravation.,n
1386880,3675,Give me the baby. l can track humans down a lot faster than you.,n
1390640,2594,And you're just a good citizen helpin' out?,n
1393320,3390,I just where the humans are going,n
1396800,3436,Everybody knows they have a settlement on the other side.,n
1401160,4755,"Unless you know how to track, you'll never reach them before snow closes the pass.",n
1406040,2912,"Which should be, like, tomorrow.",n
1409040,5597,"So, you can give that baby to me, or go get lost in a blizzard. lt's your choice.",n
1421040,4118,Here's your little bundle ofjoy. We're returning it to the humans.,n
1425240,5313,"The big, bad tigey-wigey gets left behind. Poor tigey-wigey.",n
1430640,2719,"Sid, tigey-wigey is gonna lead the way.",n
1436760,2560,"Manny, can l talk to you for a second?",n
1439400,4630,"No. The sooner we find the humans, the sooner l get rid of Mr Stinky Drool-Face,",n
1444120,2389,"and the baby, too.",n
1447560,2560,You won't always have Jumbo around to protect you.,n
1450200,5393,"And when that day comes, l suggest you watch your back, cos l'll be chewin' on it.",a
1455680,3629,"Über-tracker. Up front, where l can see you.",n
1459400,1513,Help me.,f
1476000,3549,You gotta make it stop. l can't take it any more.,a
1479720,3959,- l've eaten things that complained less. - He won't stop squirming.,a
1483760,2036,Watch his head! Just put it down!,n
1485880,2468,"Jeez, ''pick him up, put him down...''",n
1488640,3117,- lts nose is dry. - That means something's wrong with it.,n
1491840,2878,- Someone should lick it. Just in case. - l'll do it.,n
1494800,2355,- He's wearing one of those baby thingies. - So?,n
1497240,2673,"So if he poops, where does it go?",n
1502200,3834,"Humans are disgusting. Ok you, check for poops.",n
1506120,3117,"- Why am l the poop-checker? - Returning him was your idea,",n
1509320,3310,"you're small and insignificant, and l'll pummel you if you don't.",n
1512720,2389,"Why else? Now, Sid!",a
1521480,3037,"l mean, my goodness. Look out. Coming through.",n
1524600,2753,- Watch out. - Stop wavin' that thing around.,a
1527440,2639,l'm gonna slip.,n
1533360,2195,lt's clean. Got ya!,n
1537680,1991,Will you cut it out?,n
1541440,2753,Do that again. He likes it.,n
1546200,3037,lt's makin' me feel better too.,n
1549320,2070,"Here, you hold it.",n
1557680,1672,Turn him towards me.,n
1559600,2150,Where is the baby?,n
1562720,2150,There he is.,n
1564960,2719,Where is the baby?,n
1568160,3072,There he is.,n
1571400,2355,Stop it. You're scarin' him.,a
1577720,2355,- l bet he's hungry. - How about some milk?,n
1580160,2912,- l'd love some. - Not you. The baby.,n
1583160,2514,"l ain't exactly lactating right now, pal.",n
1585760,2639,- You're a little low on the food chain to... - Enough.,n
1588480,3390,"Enough, enough, enough.",a
1594280,1991,Food.,n
1604120,1638,"l don't know, but l've been told",m
1605840,2036,"l don't know, but l've been told",m
1607960,1797,End of the world be mighty cold,m
1609840,2116,End of the world be mighty cold,m
1612360,2389,Prepare for the lce age!,n
1614840,2389,Protect the dodo way of life!,n
1617320,4118,Survival separates the dodos from the beasts!,n
1622480,2514,Protect the dodo way of life!,n
1625080,2150,Prepare for the lce age!,n
1627320,2878,- lce age? - l've heard of these crackpots.,n
1633000,2434,"- lntruders. - Now, don't fall in.",s
1635520,3879,"If you do, you will definitely Intruders! Intruders!",s
1641080,1831,..burn and die.,n
1644000,3037,Can we have our melon back? Junior's hungry and...,n
1647120,3151,No way. This is our private stockpile for the lce age.,a
1650440,3913,Subarctic temperatures will force us underground for a billion years.,a
1654440,1991,So you got three melons?,n
1657880,3879,"lf you weren't smart enough to plan ahead, then doom on you.",a
1661840,3549,Doom on you. Doom on you. Doom on you.,n
1665480,2673,Get away from me. Doom on you. Doom on you.,n
1668240,2195,"Oh, no. No.",f
1670800,3470,"Retrieve the melon. Tae kwon dodos, attack.",a
1685440,3470,The melon! The melon,n
1690600,2230,There goes our last female.,n
1700040,3390,"- Got it, got it, got it. - Don't got it.",n
1704360,2389,The last melon.,n
1789920,2958,Sid. Now we gotta find more food.,n
1796080,3834,"Right, more to the right. Right, right, right.",n
1800000,3515,Look at that dinner show. ,n
1809200,3879,Now to find a meal befitting a conquering hero.,n
1815520,3231,"What ho? A foe? Come on, come on. You want a piece of me?",n
1822240,1991,Spoils worthy of such a noble...,n
1833000,1991,"Bedtime, squirt.",n
1844280,1831,The triumphant return.,n
1846200,2753,"Huh? Oh, that.",j
1850000,4198,"l'm so full. How about a good-night kiss for your big buddy, Sid?",n
1854920,2958,- He's asleep. - l was talking to you.,n
1858720,2036,"Fine, l'll tuck myself in.",n
1866840,2992,"All right, good night.",n
1891440,2070,Will you stop it?,a
1893840,2673,"All right, all right. l was trying to relax.",n
1901960,1991,Oy.,n
1950160,3197,- What the... ? - Slice me. lt'll be the last thing you ever do.,n
1953440,3470,"- l'm workin' here, you waste of fur. - Frustrated, Diego?",n
1957000,2912,Tracking down helpless infants too difficult for you?,n
1960000,3913,- What are you two doin' here? - Soto's getting tired of waiting.,n
1964000,5074,"Yeah, he said ''Come back with the baby, or don't come back at all.''",a
1970560,2230,l have a message for Soto.,n
1972880,2389,Tell him l'm bringing the baby.,n
1976440,2150,And tell him l'm bringing...,n
1979160,1991,a mammoth.,n
1981240,2560,Mammoths? Mammoths never travel alone,s
1984400,3436,"This one does, and l'm leading him to Half Peak.",n
1989320,2150,Look at all that meat. Let's get him.,a
1991560,4073,Not yet. We'll need the whole pack to bring this mammoth down.,n
1995720,1991,Get everyone ready.,n
1998360,1991,Now.,n
2022560,3037,- Where's the baby? - You lost it?,s
2027120,1149,Sid.,a
2029120,3549,lt's so ugly. Positively adorable.,j
2032760,3709,"Hello, pumpkin. Hello, little baldy bean.",n
2036720,3709,"- Where'd you find it? - The poor kid, all alone in the wild.",n
2040560,2116,Sabres were closing in on him.,n
2042760,2878,So I just snatched it.,n
2045720,4596,"Yeah, well, he needed me, and l only wish l had one of my own, too.",n
2050400,3993,Really? l find that attractive in a male.,n
2054480,3470,"Alas. Who wouldn't want a family, l always say.",n
2058520,3549,"- Where've you been hiding? - Yeah, well, you know...",n
2065400,3629,"Cute kid, huh? So, as l was saying, ladies...",n
2071120,2468,"Hey. Hi, Manny.",n
2074120,2309,What's the matter with you?,n
2076720,4198,"Excuse me, ladies. You just keep marinating and l'll be right back.",n
2083240,1991,Sexy.,j
2085800,3072,"He's not much to look at, but it's so hard to find a family guy.",n
2088960,3310,Tell me about it. All the sensitive ones get eaten.,n
2092840,3436,"No, no, no. Manny, please, l'm begging you. l need him.",f
2096360,3436,"- A good-lookin' guy like you? - You say that, but you don't mean it.",n
2099880,4312,"No, seriously. Look at you. Those ladies, they don't stand a chance.",n
2104280,3356,- You have a cruel sense of humour. - Don't let me cramp your style.,n
2107720,2912,"- Thanks, Manny. You're a pal. - Without Pinky.",j
2110720,2230,"Manny, l need him.",n
2116400,2912,"So, ladies, where were we?",n
2119600,2594,"Carl? Easy, Frank.",n
2124760,4152,"Pretty tail walks by, suddenly he moves like a cheetah. And that tiger...",n
2129000,3675,"Yeah, Mr Great Tracker. Can't even find a sloth.",n
2132760,3709,"What am l? The wet nurse? What are you lookin' at, bone bag?",a
2138640,3549,Look at you. You're gonna grow into a great predator.,n
2142600,4198,l don't think so. What have you got? You got a little patch of fur.,n
2146880,2434,"No fangs, no claws.",n
2149400,3231,You're folds of skin wrapped in mush.,n
2153000,2594,What's so threatening about you?,n
2160600,2798,Does this look like a petting zoo to you? Huh?,n
2166160,3470,"OK. All right, wise guy. You just earned a time-out.",n
2172480,2833,You think that's funny? How about this?,n
2177360,2673,You'll be a little snack for the owls.,n
2181680,3037,"You're a brave little squirt, l'll give you that.",n
2190560,4437,Thank goodness. Thank goodness. No. A tiger.,f
2195080,2434,Help. Help.,f
2197640,2070,- Where's the baby? - Manfred has him.,n
2199800,4039,Just put me in your mouth. Come on. Hurry up. He got me.,n
2204760,989,Help.,f
2205840,2468,Get away from me,n
2209080,2195,Over here.,n
2218640,2434,Carl. The tiger beat us to him.,n
2222480,2468,Wait a minute.,n
2229720,2389,He's dead all right.,n
2232200,2036,Carnivores have all the fun.,n
2236680,4551,"Gosh, l hate breaking their hearts like that. But you know how it is.",n
2242000,2594,"All right, thanks. You can put me down now.",n
2245160,2070,Manny. Manny.,a
2247600,3754,"Guys, l thought we were in a hurry. And Diego, spit that out.",n
2251440,2958,You don't know where it's been.,n
2254480,3595,"Boy. For a second there, l thought you were gonna eat me.",n
2258160,2992,- l don't eatjunk food. - Thought you were gonna...,n
2261240,2309,l thought you were gonna... Were you?,n
2266240,4755,"Come on, wait up. Wait up. Come on, come on. Can you wait a second, please?",n
2271080,1991,Fellas.,m
2274280,1991,Thanks for waiting.,n
2276360,2594,"Three, two, one...",n
2281760,1991,Sure is faithful.,n
2298000,2070,- Don't make me reach back. - He started it.,a
2300160,3117,l don't care who started it. l'll finish it.,a
2334720,2753,Modern architecture. lt'll never last.,n
2351360,1956,"Hiya, Manny.",j
2355160,2150,"Hi, Diego.",j
2363920,1991,"Hey, Sid.",n
2366280,3595,- You're lost. - No. l know exactly where we are.,n
2369960,2230,Ask him directions.,n
2372280,2560,"- l don't need directions. - Fine, l'll ask him.",n
2374920,2992,Buddy. You see any humans go by here?,n
2380920,2878,"l love this game. l love this game. OK, OK.",j
2383880,4278,"Three words. First word. Stomp. No, no. Stamp, stamp.",n
2388240,2070,Let me try. Pack.,n
2390480,3993,"Good one, Manny. Pack of long teeth and claws.",n
2395960,1956,Pack of wolves? Pack of...,n
2398000,2594,Pack of bears? Pack of fleas?,n
2400680,1991,Pack of whiskers? Pack of noses?,n
2403040,2195,Packyderm. Pack a line.,n
2405320,2833,Pack of troubles. Pack a wallop. Pack of birds.,n
2408400,1991,Pack of flying fish.,n
2457760,2195,Great news. l found a short cut.,j
2462760,3879,What do you mean shortcuts? I mean faster than a long way around,n
2466920,1877,l know what a short cut is.,d
2468880,5074,Either we beat the humans to Glacier Pass or we take the long way and miss 'em.,f
2474160,3470,Through there? What do you take me for?,n
2477720,3310,"This time tomorrow, you could be a free mammoth.",n
2481440,2560,Or a nanny. l never get tired of peekaboo.,n
2484080,2798,Guys. Guys. Check this out.,n
2489120,2434,"Sid, the tiger found a short cut.",n
2493600,1991,"No, thanks. l choose life.",n
2495680,2514,Then l suggest you take the short cut.,n
2498320,3675,"- Are you threatening me? - Move, sloth!",a
2506800,2355,"Way to go, tiger.",n
2509240,2389,Quick. Get inside.,n
2533400,2560,"OK, l vote short cut.",n
2549960,3515,"Guys, stick together. lt's easy to get lost in here.",n
2568440,1991,Guys?,f
2587040,1956,A fish.,n
2629600,3959,"Will you keep up, please? Hard enough to keep track of one baby.",n
2676960,1991,l gotcha.,j
2694920,2389,"Captain, iceberg ahead.",j
2703480,1991,"Oh, no.",f
2754680,2195,Yeah. Who's up for round two?,j
2761160,1991,Tell the kid to be more careful.,n
2802760,2753,"Look, look. Tigers.",s
2807480,4551,"No, it's OK, it's OK. Look, the tigers are just playing tag with the antelope.",j
2814000,4312,"- With their teeth. - Come on, Sid, let's play tag.",n
2818400,1991,You're it.,n
2821520,3072,"Sure. OK, OK, OK, where are the sloths?",n
2824680,2753,You never see any sloths. Have you ever noticed?,n
2827520,3436,"Oh look Manny, a mammoth. Oh, somebody pinch me. ",n
2831040,3072,"Hey, hey, this fat one looks just like you.",n
2834960,2230,And he's got a family.,j
2837280,3231,"And he's happy. Look, he's playing with his kid.",j
2840600,3549,See? That's your problem. That's what mammoths are supposed to do.,j
2844240,2639,Sid. Find a she. Have a little baby mammoth.,n
2846960,1399,Sid. What?,s
2848440,1991,Shut up. But,n
3049680,2195,Would you look at that.,n
3051960,2912,The tiger actually did it. There's Half Peak.,j
3054960,2594,"Next stop, Glacier Pass.",j
3057920,3629,How could I ever doubted you? Did you hear that little fella?,j
3061640,1991,You're almost home.,j
3068160,2434,My feet are sweating. ,n
3070680,3231,"Every time your body does something. Don’t give him attention, just ignore him.",n
3074000,3072,Seriously. My feet are really hot.,c
3082560,2230,Tell me that was your stomach.,n
3084880,2116,l'm sure it was just thunder.,n
3087280,2798,From underground?,s
3109520,2070,"Come on, keep up with me.",n
3111680,2673,l would if you were moving.,a
3116640,3037,I wish I could jump like that.,n
3123880,4198,"Come on move faster, have you notice the river of lava",f
3146520,1991,Hold Pinky.,n
3178680,2070,Manny.,f
3191720,4516,"Manny, Manny, Manny, you OK? Come on, come on, say something. Anything.",s
3198520,1991,What? What? l can't hear you.,n
3200680,2150,You're standing on my trunk.,c
3204760,3310,- You're OK. You're OK. - Why did you do that?,j
3208160,2639,"You could have died, trying to save me.",n
3211200,2468,That's what you do in a herd.,n
3213760,2070,You look out for each other.,n
3216000,2195,"Well, thanks.",n
3220280,4391,"l don't know about you guys, but we are the weirdest herd l've ever seen.",n
3242280,2912,l can't wait to get my claws in that mammoth.,a
3245280,3629,No one touches the mammoth until l get that baby.,a
3252128,2560,"First, l'll slice its hind quarters into sections.",a
3254768,4039,- l'll put the white meat in one pile and... - Knock it off. l'm starving.,n
3258888,3549,"Next, the shoulders. Occasionally tough, but extremely juicy.",a
3262528,3072,I told you to knock it off.,a
3265688,2878,Mammoths don't go down easy.,n
3268808,2230,There's only one way to do it.,n
3271168,2434,"First, you have to force it into a corner.",n
3274408,3675,"Cut off its retreat. And when you three have it trapped,",n
3278328,2036,l'll go for the throat.,n
3289928,2673,"Guys, we gotta get this kid outta the wind.",n
3296688,2195,How much further? Three miles,n
3298968,3231,l'm beat. We'll get there in the morning.,c
3305208,3515,- What are you doin'? - l'm putting sloths on the map.,n
3311488,3037,Why don't you make it realistic and draw him lying down?,n
3314608,1991,And make him rounder.,n
3319048,3629,"Perfect. Haha, I forgot how to laugh",j
3329768,1991,l'm a genius.,j
3335288,4755,"From now on you'll have to refer to me as Sid, Lord of the Flame.",j
3340248,3276,"Lord of the Flame, your tail's on fire.",n
3351208,3834,"Thank you. From now on, l'm gonna call you Diego.",n
3355128,2230,Lord of Touch Me and You're Dead.,n
3357448,2992,"l'm just kiddin', you little knucklehead.",n
3360968,2116,Lovebirds.,n
3363168,1991,Look at this.,n
3368928,1991,l don't believe it.,j
3383808,4790,"Come here, you little biped. Come here, you little wormy-worm.",n
3388688,2116,Come to Uncle Sid.,j
3390888,2912,"No, no, no, no, no, no. This way. This way.",j
3394848,2594,"No, no, no. No, go to him.",n
3398528,1991,Go to him.,n
3402808,1228,OK.,m
3405368,3595,Good job. Keep practisin'.,n
3411768,3037,Look at that. Our little guy is growing up.,j
3417008,2912,"All right, come on. Sleep time, lumpy.",n
3425328,1991,Look at that big pushover.,n
3428848,4152,"You know, Diego, l've never had a friend who would risk his life for me.",n
3433408,4152,"Yeah, Manny's... he's a good guy.",n
3437968,1991,"Yeah, he is.",n
3440648,2309,"Well, good night.",n
3473728,5358,Let's get you all cleaned up. What's your daddy gonna say if you go back all stinky?,n
3479888,3913,Let me just clean that up. That looks good. A little bit here.,n
3483888,3675,"- You clean up nice, little fella. - l think he's starting to look like me.",n
3487648,1991,"Diego, what do you think?",n
3491288,2275,- Maybe we shouldn't do this. - Why not?,n
3493648,3629,"lf we save him, he'll be a hunter. And who do you think he'll hunt?",n
3497488,2309,"Maybe because we save him, he won't hunt us.",n
3499888,4391,"Yeah, and maybe he'll grow fur and a long skinny neck and call you Mama.",a
3504808,5154,- What's your problem? - Nothing. Let's go. l'm freezing my tail off.,a
3528488,2070,Diego. You frozen back there?,n
3534648,1911,Get down. What?,s
3536648,2195,- Get down and follow me. - What's goin' on?,s
3538928,4835,"At the bottom of Half Peak, there's an ambush waiting for you.",n
3543848,2195,"- What? - What do you mean, ''ambush''?",s
3548168,2070,You set us up. It was my job.,a
3550328,3436,I was suppose to get the bad but then. You brought us home for dinner!,a
3553848,2673,- That's it. You're out of the herd. - l'm sorry.,a
3556608,1991,"No, you're not. Not yet.",a
3558808,3515,"Listen, I can help you. Stay close, Sid, we can fight our way out",n
3562488,3037,You can't. The pack's too strong. You have to trust me.,n
3565608,3151,Trust you? Why in the world would we trust you?,a
3568848,1991,Because l'm your only chance.,n
3583928,1956,"Hello, ladies.",n
3586728,5233,"Look who decided to show up. Diego, I was beginning to worry about you",n
3592048,5996,No need to worry. ln about two minutes you'll be satisfying your taste for revenge.,n
3598168,1638,Very nice.,n
3600168,2958,l see the sloth. And he's got the baby.,s
3603208,5154,Don't give away your positions until you see the mammoth. He's the one to surprise.,n
3609528,2389,"You want to maul something, don't you?",n
3612008,3356,I wanna maul! Then what are you waiting for?,n
3618128,2673,"No, l said wait for the mammoth.",a
3641928,3037,Backscratcher. Eat my powder!,j
3659928,1991,Loop-de-loop.,j
3662888,2070,"Slalom! Slalom, baby!",j
3689608,3675,"Sorry, fellas. He got a little frostbite.",n
3694848,1991,Get him.,a
3699728,1991,Surprise!,j
3706448,4471,"OK, follow me. We'll pick up Sid and get outta here while we can.",n
3711008,3788,"Come on, Diego, let's bring this mammoth down.",n
3726648,2230,There he is.,j
3730848,2355,That's right. Where's the baby?,j
3736928,3151,Survival of the fittest.,j
3740168,2719,l don't think so. Yeah.,j
3753648,4312,What are you doing?! Leave the mammoth alone,a
3760768,2912,Fine. l'll take you down first.,n
3836528,1991,We did it.,j
3850728,2560,"We were some team, huh?",c
3854008,3276,"Were? Come on, we're still a team.",c
3857728,2468,l'm sorry l set you up.,c
3860688,2719,You know me - l'm too lazy to hold a grudge.,c
3866608,1991,"Knock it off, squirt.",c
3869528,1956,You gotta be strong.,c
3871808,3197,You have to take care of Manfred and Sid.,c
3875968,1956,Especially Sid.,n
3878008,3709,"Come on, you can lick this. You're a tiger.",n
3881808,2992,"Look, l'll carry you. Come on, what do you say?",n
3884888,2195,"Come on, Diego, come on.",c
3887168,2070,"Tell him he's going to be OK, Manny.",c
3890728,3515,"Listen, you have to leave me here.",c
3894328,4039,"lf those humans get through the pass, you'll never catch them.",c
3898968,2958,You didn't have to do that.,n
3902008,2639,That's what you do in a herd.,c
4092408,1991,Don't forget about us.,c
4094488,1991,OK?,n
4098608,2639,We won't forget about you.,n
4139248,2514,Goodbye.,c
4141848,2355,Goodbye. Goodbye.,c
4144288,2230,Sid. Bye.,n
4147888,1991,Bye.,c
4152528,2309,That's right. Where's the baby?,j
4154968,2434,"Come on, Sid, let's head south.",n
4174648,1911,Bye.,c
4177648,3356,"Save your breath, Sid. You know humans can't talk.",n
4181488,1991,Diego? You're OK.,j
4183608,3072,"- Nine lives, baby. - You're OK.",j
4186768,1991,You're OK.,j
4189408,1991,l could kiss ya.,j
4193048,2116,"Welcome back, partner. Wanna lift?",j
4195248,2878,No thanks. l gotta save whatever dignity l've got left.,n
4198288,4278,You're hanging out with us. Dignity's got nothing to do with it. l'll take that lift.,n
4202648,2434,Yeah. Climb aboard.,n
4205608,3356,Mush. Or not mush. Either way.,n
4212568,2514,This is gonna be the best migration ever.,j
4215168,4710,l'll show you my favourite watering holes. l turn brown when the fungus in my fur dries.,j
4219968,3629,"It sounds very attractive. You know, this whole ice age thing getting all",j
4223688,3197,You know what l could go for? Global warming.,j
4226968,2958,"- Keep dreamin'. - No, really...",n
4660288,3117,Visiontext Subtitles: Marisa Castle de Joncaire,m
4670968,1991,ENGLlSH,m